[{"id_level_wilayah":0,"level_wilayah":"Indonesia","created_at":"2013-05-13 00:00:00","updated_at":"2016-07-22 06:00:00","deleted_at":null,"last_sync":"1901-01-01 00:00:00"},{"id_level_wilayah":1,"level_wilayah":"Propinsi","created_at":"2013-05-13 00:00:00","updated_at":"2016-07-22 06:00:00","deleted_at":null,"last_sync":"1901-01-01 00:00:00"},{"id_level_wilayah":2,"level_wilayah":"Kab \/ Kota","created_at":"2013-05-13 00:00:00","updated_at":"2016-07-22 06:00:00","deleted_at":null,"last_sync":"1901-01-01 00:00:00"},{"id_level_wilayah":3,"level_wilayah":"Kecamatan","created_at":"2013-05-13 00:00:00","updated_at":"2016-07-22 06:00:00","deleted_at":null,"last_sync":"1901-01-01 00:00:00"},{"id_level_wilayah":4,"level_wilayah":"Desa","created_at":"2015-07-31 00:00:00","updated_at":"2016-07-22 06:00:00","deleted_at":null,"last_sync":"1901-01-01 00:00:00"}]