[{"id":1,"nama":"Islam","deleted_at":null,"created_at":"2017-09-19 01:15:21","updated_at":"2017-09-19 01:15:21"},{"id":2,"nama":"Kristen","deleted_at":null,"created_at":"2017-09-19 01:15:21","updated_at":"2017-09-19 01:15:21"},{"id":3,"nama":"Katholik","deleted_at":null,"created_at":"2017-09-19 01:15:21","updated_at":"2017-09-19 01:15:21"},{"id":4,"nama":"Hindu","deleted_at":null,"created_at":"2017-09-19 01:15:21","updated_at":"2017-09-19 01:15:21"},{"id":5,"nama":"Buddha","deleted_at":null,"created_at":"2017-09-19 01:15:21","updated_at":"2017-09-19 01:15:21"},{"id":6,"nama":"Kong Hu Chu","deleted_at":null,"created_at":"2017-09-19 01:15:21","updated_at":"2017-09-19 01:15:21"},{"id":7,"nama":"Kepercayaan kpd Tuhan YME","deleted_at":null,"created_at":"2017-09-19 01:15:21","updated_at":"2017-09-19 01:15:21"},{"id":98,"nama":"Tidak diisi","deleted_at":null,"created_at":"2017-09-19 01:15:21","updated_at":"2017-09-19 01:15:21"},{"id":99,"nama":"Lainnya","deleted_at":null,"created_at":"2017-09-19 01:15:21","updated_at":"2017-09-19 01:15:21"}]