[{"pekerjaan_id":1,"nama":"Tidak bekerja","deleted_at":null,"created_at":"2017-11-14 14:07:49","updated_at":"2017-11-14 14:07:49","last_sync":"1901-01-01 00:00:00"},{"pekerjaan_id":2,"nama":"Nelayan","deleted_at":null,"created_at":"2017-11-14 14:07:49","updated_at":"2017-11-14 14:07:49","last_sync":"1901-01-01 00:00:00"},{"pekerjaan_id":3,"nama":"Petani","deleted_at":null,"created_at":"2017-11-14 14:07:49","updated_at":"2017-11-14 14:07:49","last_sync":"1901-01-01 00:00:00"},{"pekerjaan_id":4,"nama":"Peternak","deleted_at":null,"created_at":"2017-11-14 14:07:49","updated_at":"2017-11-14 14:07:49","last_sync":"1901-01-01 00:00:00"},{"pekerjaan_id":5,"nama":"PNS\/TNI\/Polri","deleted_at":null,"created_at":"2017-11-14 14:07:49","updated_at":"2017-11-14 14:07:49","last_sync":"1901-01-01 00:00:00"},{"pekerjaan_id":6,"nama":"Karyawan Swasta","deleted_at":null,"created_at":"2017-11-14 14:07:49","updated_at":"2017-11-14 14:07:49","last_sync":"1901-01-01 00:00:00"},{"pekerjaan_id":7,"nama":"Pedagang Kecil","deleted_at":null,"created_at":"2017-11-14 14:07:49","updated_at":"2017-11-14 14:07:49","last_sync":"1901-01-01 00:00:00"},{"pekerjaan_id":8,"nama":"Pedagang Besar","deleted_at":null,"created_at":"2017-11-14 14:07:49","updated_at":"2017-11-14 14:07:49","last_sync":"1901-01-01 00:00:00"},{"pekerjaan_id":9,"nama":"Wiraswasta","deleted_at":null,"created_at":"2017-11-14 14:07:49","updated_at":"2017-11-14 14:07:49","last_sync":"1901-01-01 00:00:00"},{"pekerjaan_id":10,"nama":"Wirausaha","deleted_at":null,"created_at":"2017-11-14 14:07:49","updated_at":"2017-11-14 14:07:49","last_sync":"1901-01-01 00:00:00"},{"pekerjaan_id":11,"nama":"Buruh","deleted_at":null,"created_at":"2017-11-14 14:07:49","updated_at":"2017-11-14 14:07:49","last_sync":"1901-01-01 00:00:00"},{"pekerjaan_id":12,"nama":"Pensiunan","deleted_at":null,"created_at":"2017-11-14 14:07:49","updated_at":"2017-11-14 14:07:49","last_sync":"1901-01-01 00:00:00"},{"pekerjaan_id":13,"nama":"Tenaga Kerja Indonesia","deleted_at":null,"created_at":"2017-11-14 14:07:49","updated_at":"2017-11-14 14:07:49","last_sync":"1901-01-01 00:00:00"},{"pekerjaan_id":90,"nama":"Tidak dapat diterapkan","deleted_at":null,"created_at":"2017-11-14 14:07:49","updated_at":"2017-11-14 14:07:49","last_sync":"1901-01-01 00:00:00"},{"pekerjaan_id":98,"nama":"Sudah Meninggal","deleted_at":null,"created_at":"2017-11-14 14:07:49","updated_at":"2017-11-14 14:07:49","last_sync":"1901-01-01 00:00:00"},{"pekerjaan_id":99,"nama":"Lainnya","deleted_at":null,"created_at":"2017-11-14 14:07:49","updated_at":"2017-11-14 14:07:49","last_sync":"1901-01-01 00:00:00"}]